{"cameraMode":{"drawMode":0,"name":"Shaded","section":"Shading Mode"},"sceneLighting":false,"audioPlay":false,"sceneViewState":{"showFog":true,"showMaterialUpdate":true,"showSkybox":true,"showFlares":true,"showImageEffects":true,"showParticleSystems":true},"in2DMode":false,"pivot":{"x":64.80574035644531,"y":95.24481201171875,"z":163.60223388671876},"rotation":{"x":-0.22431044280529023,"y":0.21683600544929505,"z":0.051413487643003467,"w":0.9487770199775696},"size":101.7185287475586,"orthographic":false}