{"cameraMode":{"drawMode":0,"name":"Shaded","section":"Shading Mode"},"sceneLighting":false,"audioPlay":false,"sceneViewState":{"showFog":true,"showMaterialUpdate":true,"showSkybox":true,"showFlares":true,"showImageEffects":true,"showParticleSystems":true},"in2DMode":false,"pivot":{"x":112.94891357421875,"y":-36.545188903808597,"z":155.33645629882813},"rotation":{"x":0.09440328180789948,"y":0.3052057921886444,"z":-0.030325040221214296,"w":0.9471911787986755},"size":101.7185287475586,"orthographic":false}