{"cameraMode":{"drawMode":0,"name":"Shaded","section":"Shading Mode"},"sceneLighting":false,"audioPlay":false,"sceneViewState":{"showFog":true,"showMaterialUpdate":true,"showSkybox":false,"showFlares":true,"showImageEffects":true,"showParticleSystems":true},"in2DMode":false,"pivot":{"x":0.8457044363021851,"y":0.9757757186889648,"z":0.6801069378852844},"rotation":{"x":-0.06787426769733429,"y":-0.8940691947937012,"z":0.14502538740634919,"w":-0.41840434074401858},"size":1.711125373840332,"orthographic":false}